{"cameraMode":{"drawMode":0,"name":"Shaded","section":"Shading Mode"},"sceneLighting":true,"audioPlay":false,"sceneViewState":{"showFog":true,"showMaterialUpdate":false,"showSkybox":true,"showFlares":true,"showImageEffects":true,"showParticleSystems":true},"in2DMode":false,"pivot":{"x":25.162185668945314,"y":-7.020381927490234,"z":43.65636444091797},"rotation":{"x":0.19987034797668458,"y":0.6656280755996704,"z":-0.19199812412261964,"w":0.6929125785827637},"size":126.3687973022461,"orthographic":false}