{"cameraMode":{"drawMode":0,"name":"Shaded","section":"Shading Mode"},"sceneLighting":true,"audioPlay":false,"sceneViewState":{"showFog":true,"showMaterialUpdate":false,"showSkybox":true,"showFlares":true,"showImageEffects":true,"showParticleSystems":true},"in2DMode":false,"pivot":{"x":53.65263366699219,"y":-0.06816864013671875,"z":113.48121643066406},"rotation":{"x":0.21989306807518006,"y":-0.23067942261695863,"z":0.053601328283548358,"w":0.9463408589363098},"size":276.3983154296875,"orthographic":false}